ticket_id,model_id,version,risk_tier,approver,emergency,opened_at,approved_at,description,record_status,evidence_basis
WB-001,readiness-assessor,v0.1.0,medium,Reviewer Name,FALSE,2026-08-25,2026-08-28,Initial assessor prompt and harness,approved_record,ticket register
WB-002,readiness-assessor,v0.2.0,medium,Reviewer Name,FALSE,2026-09-04,2026-09-05,Add Lane B continuous control testing,approved_record,ticket register
WB-003,readiness-assessor,v0.2.0,medium,Reviewer Name,false,2026-09-06,2026-09-06,Pin dependencies to exact versions,approved_record,ticket register
WB-004,readiness-assessor,v0.2.0,medium,Reviewer Name,false,2026-09-06,2026-09-06,Add model card for readiness-assessor,approved_record,ticket register
WB-005,readiness-assessor,v0.2.0,medium,Reviewer Name,false,2026-09-06,2026-09-06,CI gate with exception-aware blocking and evidence branch,approved_record,ticket register
WB-006,readiness-assessor,v0.3.0,medium,NOT_RECORDED,FALSE,2026-09-06,,Test the governance gate and record the gate-test ticket.,historical_reconstructed,repository evidence; approval metadata not present
WB-007,readiness-assessor,v0.3.0,medium,NOT_RECORDED,FALSE,2026-09-06,,Join Lane A and Lane B through lifecycle plays.,historical_reconstructed,repository evidence; approval metadata not present
WB-008,readiness-assessor,v0.3.0,high,NOT_RECORDED,FALSE,2026-09-06,,"Add lifecycle cards, step judge, validator, hybrid retrieval, stress-test and oversight control packs.",historical_reconstructed,repository evidence; approval metadata not present
WB-009,readiness-assessor,v0.3.0,high,NOT_RECORDED,FALSE,2026-09-06,,Harden the assessor against evidence-embedded instructions; add Lane-B-fed lifecycle steps and judge stress target.,historical_reconstructed,repository evidence; approval metadata not present
WB-010,readiness-assessor,v0.3.0,high,NOT_RECORDED,FALSE,2026-09-06,,Stress-test the scanner with target abstraction and engine adapters.,historical_reconstructed,repository evidence; approval metadata not present
WB-011,readiness-assessor,v0.3.0,high,Reviewer Name,false,2026-09-06,2026-09-06,Policy as code for the AI lifecycle,approved_record,ticket register
WB-012,readiness-assessor,v0.3.0,medium,Reviewer Name,false,2026-09-06,2026-09-06,Restore stress scanner and governance exports lost in a bad commit,approved_record,ticket register
WB-013,readiness-assessor,v0.3.0,high,NOT_RECORDED,FALSE,2026-09-06,,Extend control/bundle schemas for play and policy references; adapters fail safe; retain evidence when the gate blocks.,historical_reconstructed,repository evidence; approval metadata not present
WB-014,readiness-assessor,v0.3.0,high,Reviewer Name,false,2026-09-06,2026-09-06,Tiered obligations in policy as code,approved_record,ticket register
WB-015,readiness-assessor,v0.3.0,high,Reviewer Name,false,2026-09-06,2026-09-06,Correct eval_results (no evaluation was ever run); within_tolerance reports NOT_TESTABLE on missing metrics,approved_record,ticket register
WB-016,readiness-assessor,v0.3.0,high,Reviewer Name,false,2026-09-06,2026-09-06,Policy versioning and change control,approved_record,ticket register
WB-017,readiness-assessor,v0.2.1,medium,AI Risk Committee,FALSE,2026-09-07,2026-09-07,"Evidence floor: examined counts, inconclusive gate, non-waivable critical.",approved_record,ticket register
WB-018,readiness-assessor,v0.2.1,medium,AI Risk Committee,FALSE,2026-09-07,2026-09-07,Wire evidence floor into gate; critical controls non-waivable; scope scanner off fixtures; retire EXC-002.,approved_record,ticket register
WB-019,readiness-assessor,v0.3.0,high,NOT_RECORDED,FALSE,2026-09-10,,Replace the inert BM25 threshold with a relative retrieval gate.,historical_reconstructed,repository evidence; approval metadata not present
WB-020,readiness-assessor,v0.3.0,high,NOT_RECORDED,FALSE,2026-09-10,,Downgrade partial proposals with no surviving verbatim excerpt to none.,historical_reconstructed,repository evidence; approval metadata not present
WB-021,readiness-assessor,v0.3.0,high,NOT_RECORDED,FALSE,2026-09-10,,Prevent scanner self-ingestion and ensure failed assessor calls are not recorded as ratings.,historical_reconstructed,repository evidence; approval metadata not present
WB-022,readiness-assessor,v0.3.0,high,NOT_RECORDED,FALSE,2026-09-10,,Pass declared control artefacts to the assessor and gate partial ratings on them.,historical_reconstructed,repository evidence; approval metadata not present
WB-023,readiness-assessor,v0.3.0,high,NOT_RECORDED,FALSE,2026-09-10,,Wire the relative retrieval threshold into the assessment path.,historical_reconstructed,repository evidence; approval metadata not present
WB-024,readiness-assessor,v0.3.0,medium,NOT_RECORDED,FALSE,2026-09-10,,Add the sticky application header/navigation treatment.,historical_reconstructed,repository evidence; approval metadata not present
WB-025,readiness-assessor,v0.3.0,medium,NOT_RECORDED,FALSE,2026-09-10,,Checkpoint before the blind-first assessment reorder.,historical_reconstructed,repository evidence; approval metadata not present
WB-026,readiness-assessor,v0.3.0,high,NOT_RECORDED,FALSE,2026-09-10,,"Add MAS requirement text and elements, constructed corpus with derived labels, baselines and overlay wiring.",historical_reconstructed,repository evidence; approval metadata not present
WB-027,readiness-assessor,v0.3.0,high,NOT_RECORDED,FALSE,2026-09-10,,Add governance cross-reference checks and reorganise governance documentation.,historical_reconstructed,repository evidence; approval metadata not present
WB-028,readiness-assessor,v0.3.0,high,NOT_RECORDED,FALSE,2026-09-07,,Implement evidence-floor semantics using examined population counts and inconclusive gates.,historical_reconstructed,repository evidence; approval metadata not present
WB-029,readiness-assessor,v0.3.0,high,NOT_RECORDED,FALSE,2026-09-11,,Make the evaluation corpus a controlled governance artefact with EVL controls and corpus adapters.,historical_reconstructed,repository evidence; approval metadata not present
WB-030,readiness-assessor,v0.3.0,high,NOT_RECORDED,FALSE,2026-09-11,,Add the Halocline domain-classification specification and control/adapters.,historical_reconstructed,repository evidence; approval metadata not present
WB-031,readiness-assessor,v0.3.0,high,NOT_RECORDED,FALSE,2026-09-12,,"Element-level comparison of the reviewer blind read against the assessor proposal, and a disagreement-scoped second challenge pass.",historical_reconstructed,repository evidence; approval metadata not present
WB-032,readiness-assessor,v0.3.0,medium,NOT_RECORDED,FALSE,2026-09-12,,Make the BM25 fallback unconditionally importable so its test exercises the fallback rather than rank-bm25.,historical_reconstructed,repository evidence; approval metadata not present
WB-033,readiness-assessor,v0.3.0,high,NOT_RECORDED,FALSE,2026-09-12,,Split element verdicts into their own model call to raise the verdict return rate on small local models.,historical_reconstructed,repository evidence; approval metadata not present
WB-034,readiness-assessor,v0.3.0,medium,NOT_RECORDED,FALSE,2026-09-12,,"Retain the rejected excerpt when a met element verdict fails the verbatim check, so the cause is diagnosable.",historical_reconstructed,repository evidence; approval metadata not present
WB-035,readiness-assessor,v0.3.0,high,NOT_RECORDED,FALSE,2026-09-12,,"Order the element schema so the excerpt is generated before the status, so a met verdict follows from a copied passage rather than preceding it.",historical_reconstructed,repository evidence; approval metadata not present
WB-036,readiness-assessor,v0.3.0,high,NOT_RECORDED,FALSE,2026-09-12,,Gate the probe and score.py on corpus requirement binding so a stale corpus reports NOT_TESTABLE instead of an accuracy figure.,historical_reconstructed,repository evidence; approval metadata not present
WB-037,readiness-assessor,v0.3.0,low,NOT_RECORDED,FALSE,2026-09-12,,"Restructure the Evidence workspace around the starting choice, with the three steps always visible and retrieval tuning moved out of the primary path.",historical_reconstructed,repository evidence; approval metadata not present
WB-038,readiness-assessor,v0.3.0,low,NOT_RECORDED,FALSE,2026-09-12,,"Add in-app folder browsing, a native OS folder dialog where the runtime is local, and a recent-folders list for the evidence path.",historical_reconstructed,repository evidence; approval metadata not present
